species,atom_index,symbol,old_charge,new_charge,delta,abs_delta
monomer_A,0,H,0.069880870742479,0.08031752727197466,0.010436656529495658,0.010436656529495658
monomer_A,1,C,-0.2621675040479635,-0.2410110997205181,0.02115640432744542,0.02115640432744542
monomer_A,2,C,0.4517053551527929,0.3880133337396718,-0.06369202141312114,0.06369202141312114
monomer_A,3,O,-0.639562342683908,-0.6395471938998353,1.5148784072716026e-05,1.5148784072716026e-05
monomer_A,4,H,0.38304682476116314,0.38304185197266893,-4.972788494206348e-06,4.972788494206348e-06
monomer_A,5,H,0.06988087074247908,0.06269506162863875,-0.007185809113840327,0.007185809113840327
monomer_A,6,H,0.06988087074247917,0.06269506162863875,-0.0071858091138404245,0.0071858091138404245
monomer_A,7,H,-0.07133247270476101,-0.048102271310619706,0.023230201394141302,0.023230201394141302
monomer_A,8,H,-0.0713324727047609,-0.048102271310619706,0.02323020139414119,0.02323020139414119
monomer_B,0,H,0.04658298376765499,0.05237717523614267,0.005794191468487683,0.005794191468487683
monomer_B,1,C,0.006531535964655048,0.0037549990760065797,-0.0027765368886484686,0.0027765368886484686
monomer_B,2,O,-0.2925905212304764,-0.2927072763978041,-0.00011675516732767566,0.00011675516732767566
monomer_B,3,C,0.00642087512013155,0.0037549990760065797,-0.0026658760441249704,0.0026658760441249704
monomer_B,4,H,0.04662971961424155,0.05237717523614267,0.005747455621901126,0.005747455621901126
monomer_B,5,H,0.04658298376765507,0.045110731943376385,-0.0014722518242786878,0.0014722518242786878
monomer_B,6,H,0.04658298376765504,0.045110731943376385,-0.001472251824278653,0.001472251824278653
monomer_B,7,H,0.04662971961424157,0.045110731943376385,-0.0015189876708651823,0.0015189876708651823
monomer_B,8,H,0.04662971961424157,0.045110731943376385,-0.0015189876708651823,0.0015189876708651823
PAA,0,H,0.03648617360733453,0.023483119847777623,-0.013003053759556904,0.013003053759556904
PAA,1,C,-0.3371797694393725,-0.2670448308269462,0.07013493861242631,0.07013493861242631
PAA,2,C,0.7174149725290333,0.7082343881579584,-0.00918058437107494,0.00918058437107494
PAA,3,C,0.5316353444302173,0.5379461566251242,0.006310812194906923,0.006310812194906923
PAA,4,O,-0.749527871111765,-0.7689730783125623,-0.019445207200797343,0.019445207200797343
PAA,5,O,-0.7821074733184528,-0.7689730783125623,0.01313439500589042,0.01313439500589042
PAA,6,H,-0.21780650873631952,-0.22500228225950986,-0.007195773523190341,0.007195773523190341
PAA,7,H,0.009434458487198594,-0.0076238132239056415,-0.017058271711104234,0.017058271711104234
PAA,8,H,0.009434458487198472,-0.0076238132239056415,-0.017058271711104113,0.017058271711104113
PAA,9,H,-0.21778378493507267,-0.22442276847146847,-0.006638983536395804,0.006638983536395804
PAAH,0,H,0.056100815242056776,0.05702264364499457,0.0009218284029377938,0.0009218284029377938
PAAH,1,C,-0.1872386492158549,-0.18422445138407356,0.0030141978317813345,0.0030141978317813345
PAAH,2,C,0.09891441682775869,0.08887561195985695,-0.010038804867901735,0.010038804867901735
PAAH,3,C,0.5860006813710315,0.5860000437943881,-6.375766433697194e-07,6.375766433697194e-07
PAAH,4,O,-0.5379991590155422,-0.5380043786755506,-5.219660008437543e-06,5.219660008437543e-06
PAAH,5,O,-0.5699300233791749,-0.5699113532300828,1.867014909207043e-05,1.867014909207043e-05
PAAH,6,H,0.009456119641681249,0.021257568588760434,0.011801448947079185,0.011801448947079185
PAAH,7,H,0.056100815242056734,0.055256832731915576,-0.0008439825101411585,0.0008439825101411585
PAAH,8,H,0.056100815242056686,0.055256832731915576,-0.00084398251014111,0.00084398251014111
PAAH,9,H,0.009456119641681342,0.0054403491197592135,-0.004015770521922129,0.004015770521922129
PAAH,10,H,0.4230380484022489,0.4230303007181165,-7.747684132419774e-06,7.747684132419774e-06
PVDF,0,H,0.13881312486518826,0.15779589705677824,0.018982772191589975,0.018982772191589975
PVDF,1,C,-0.4545711832240831,-0.4529163031749208,0.001654880049162255,0.001654880049162255
PVDF,2,C,0.5145296560324428,0.5146003623175405,7.070628509764365e-05,7.070628509764365e-05
PVDF,3,F,-0.2508605115218519,-0.25097357965039047,-0.00011306812853856263,0.00011306812853856263
PVDF,4,F,-0.2510554294328187,-0.25097357965039047,8.184978242825602e-05,8.184978242825602e-05
PVDF,5,H,0.025518093550746024,0.02551650535274777,-1.5881979982534933e-06,1.5881979982534933e-06
PVDF,6,H,0.13881312486518832,0.12847534887431766,-0.010337775990870657,0.010337775990870657
PVDF,7,H,0.13881312486518835,0.12847534887431766,-0.010337775990870685,0.010337775990870685
PAN,0,H,0.0654478422741954,0.05530084292559871,-0.010146999348596683,0.010146999348596683
PAN,1,C,-0.19116202707979113,-0.18695477011918957,0.004207256960601563,0.004207256960601563
PAN,2,C,0.13384410252450962,0.10602849732511377,-0.027815605199395854,0.027815605199395854
PAN,3,C,0.24965557843221833,0.2497169999155546,6.142148333626585e-05,6.142148333626585e-05
PAN,4,N,-0.4453754817226433,-0.4453840915790622,-8.60985641892853e-06,8.60985641892853e-06
PAN,5,H,0.028347150511560185,0.039350590894290244,0.01100344038273006,0.01100344038273006
PAN,6,H,0.0654478422741954,0.07127376765549236,0.005825925381296962,0.005825925381296962
PAN,7,H,0.0654478422741954,0.07127376765549236,0.005825925381296962,0.005825925381296962
PAN,8,H,0.02834715051156014,0.03939439532670979,0.01104724481514965,0.01104724481514965
PTMC,0,H,0.40517706575391726,0.40516324752673566,-1.3818227181605636e-05,1.3818227181605636e-05
PTMC,1,O,-0.6523457996189415,-0.6523509148978133,-5.11527887181451e-06,5.11527887181451e-06
PTMC,2,C,0.3242967219875847,0.328214223803033,0.00391750181544831,0.00391750181544831
PTMC,3,C,-0.2032124524505523,-0.1783432604193974,0.024869192031154896,0.024869192031154896
PTMC,4,C,0.6540189004613619,0.6540271354935128,8.235032150860633e-06,8.235032150860633e-06
PTMC,5,O,-0.5365975693377086,-0.5366392930460682,-4.172370835953121e-05,4.172370835953121e-05
PTMC,6,O,-0.6145296100571143,-0.6144715433556817,5.806670143260195e-05,5.806670143260195e-05
PTMC,7,H,0.43670541113338796,0.4366965778563249,-8.833277063080569e-06,8.833277063080569e-06
PTMC,8,H,0.014240663013360466,0.009792253260245853,-0.004448409753114613,0.004448409753114613
PTMC,9,H,0.014240663013360355,0.009792253260245853,-0.004448409753114502,0.004448409753114502
PTMC,10,H,0.0790030030506721,0.06905966025943133,-0.009943342791240761,0.009943342791240761
PTMC,11,H,0.07900300305067182,0.06905966025943133,-0.009943342791240484,0.009943342791240484
PCL,0,H,0.38770399312743875,0.38768193548559915,-2.205764183960124e-05,2.205764183960124e-05
PCL,1,O,-0.6344022880259199,-0.6343782675995622,2.4020426357740376e-05,2.4020426357740376e-05
PCL,2,C,0.2916007953261051,0.29305876878897874,0.0014579734628736296,0.0014579734628736296
PCL,3,C,-0.053935001785849895,-0.07818227061420319,-0.02424726882835329,0.02424726882835329
PCL,4,C,0.03804306375398833,0.04870759335313718,0.010664529599148848,0.010664529599148848
PCL,5,C,-0.02651495266554363,-0.03506399051395464,-0.00854903784841101,0.00854903784841101
PCL,6,C,0.4218213075066177,0.4218422724537215,2.0964947103796483e-05,2.0964947103796483e-05
PCL,7,O,-0.45045360950875263,-0.4504663422045072,-1.2732695754580359e-05,1.2732695754580359e-05
PCL,8,H,-0.01822148775000143,-0.0182209661160046,5.216339968305839e-07,5.216339968305839e-07
PCL,9,H,-0.0029052712423458804,-0.0016473320062442218,0.0012579392361016586,0.0012579392361016586
PCL,10,H,-0.0029052712423458804,-0.0016473320062442218,0.0012579392361016586,0.0012579392361016586
PCL,11,H,0.013165974319498841,0.02001808740117516,0.0068521130816763184,0.0068521130816763184
PCL,12,H,0.013165974319498851,0.02001808740117516,0.006852113081676308,0.006852113081676308
PCL,13,H,-0.01294850903227001,-0.013391915423926443,-0.00044340639165643334,0.00044340639165643334
PCL,14,H,-0.012948509032270072,-0.013391915423926443,-0.0004434063916563709,0.0004434063916563709
PCL,15,H,0.024866895966075997,0.027531793512393085,0.002664897546317088,0.002664897546317088
PCL,16,H,0.024866895966075858,0.027531793512393085,0.002664897546317227,0.002664897546317227
PVAc,0,H,0.07842582103300004,0.09726316926676704,0.018837348233766996,0.018837348233766996
PVAc,1,C,-0.29115189550931975,-0.29233209358144907,-0.0011801980721293237,0.0011801980721293237
PVAc,2,C,0.3846115457932757,0.32638788977773336,-0.05822365601554236,0.05822365601554236
PVAc,3,O,-0.46535371841186196,-0.46535625711991985,-2.538708057886474e-06,2.538708057886474e-06
PVAc,4,C,0.7928226585806608,0.7928515487199381,2.889013927731554e-05,2.889013927731554e-05
PVAc,5,O,-0.5393706015505166,-0.539404684607946,-3.408305742935713e-05,3.408305742935713e-05
PVAc,6,C,-0.5541313446663386,-0.556647727046614,-0.002516382380275406,0.002516382380275406
PVAc,7,H,-0.016648926059838698,0.012384087931135157,0.029033013990973855,0.029033013990973855
PVAc,8,H,0.07842582103299983,0.07447894088383407,-0.003946880149165763,0.003946880149165763
PVAc,9,H,0.0784258210329999,0.07447894088383407,-0.003946880149165832,0.003946880149165832
PVAc,10,H,-0.016648926059838517,0.0006939253572054646,0.017342851417043982,0.017342851417043982
PVAc,11,H,0.1568645815949261,0.15840075317849392,0.001536171583567808,0.001536171583567808
PVAc,12,H,0.15686458159492594,0.15840075317849392,0.0015361715835679746,0.0015361715835679746
PVAc,13,H,0.1568645815949259,0.15840075317849392,0.00153617158356803,0.00153617158356803
PMMA,0,H,0.10121859255548371,0.10636356893561563,0.0051449763801319215,0.0051449763801319215
PMMA,1,C,-0.4043937059010308,-0.3898984347220018,0.01449527117902899,0.01449527117902899
PMMA,2,C,0.21728254857420853,0.21765915004080122,0.00037660146659268534,0.00037660146659268534
PMMA,3,C,-0.32270854237290203,-0.3297469953245944,-0.007038452951692364,0.007038452951692364
PMMA,4,C,0.6549870181126325,0.6549959314441421,8.913331509652345e-06,8.913331509652345e-06
PMMA,5,O,-0.5231768960583028,-0.5232135683969913,-3.667233868853703e-05,3.667233868853703e-05
PMMA,6,O,-0.3455446366903283,-0.3455959295970939,-5.129290676558762e-05,5.129290676558762e-05
PMMA,7,C,-0.15281084852856705,-0.1030533576037474,0.04975749092481965,0.04975749092481965
PMMA,8,H,-0.010797020575078711,-0.01093392102790161,-0.00013690045282289953,0.00013690045282289953
PMMA,9,H,0.10121859255548364,0.09226625277431509,-0.00895233978116855,0.00895233978116855
PMMA,10,H,0.10121859255548363,0.09226625277431509,-0.008952339781168536,0.008952339781168536
PMMA,11,H,0.08393309694921043,0.08400642456802897,7.332761881853611e-05,7.332761881853611e-05
PMMA,12,H,0.08393309694921075,0.08400642456802897,7.332761881821692e-05,7.332761881821692e-05
PMMA,13,H,0.08393309694921036,0.08400642456802897,7.33276188186055e-05,7.33276188186055e-05
PMMA,14,H,0.11056900497509528,0.09562392566635151,-0.014945079308743767,0.014945079308743767
PMMA,15,H,0.11056900497509535,0.09562392566635151,-0.014945079308743836,0.014945079308743836
PMMA,16,H,0.11056900497509535,0.09562392566635151,-0.014945079308743836,0.014945079308743836
PS,0,H,0.02002431972749441,0.01593168204041201,-0.004092637687082401,0.004092637687082401
PS,1,C,-0.07788550263848629,-0.07682803489127221,0.0010574677472140748,0.0010574677472140748
PS,2,C,0.09094766575184052,0.07730139376819264,-0.013646271983647873,0.013646271983647873
PS,3,C,0.025836045106184764,0.025690877196728558,-0.0001451679094562064,0.0001451679094562064
PS,4,C,-0.15275130745245127,-0.15202132500578475,0.0007299824466665272,0.0007299824466665272
PS,5,C,-0.15183866994144918,-0.1526794662637068,-0.0008407963222576142,0.0008407963222576142
PS,6,C,-0.09563249903660713,-0.09501343263437251,0.0006190664022346221,0.0006190664022346221
PS,7,C,-0.15315960968027909,-0.1526794662637068,0.00048014341657229287,0.00048014341657229287
PS,8,C,-0.1520672089915893,-0.15202132500578475,4.588398580454567e-05,4.588398580454567e-05
PS,9,H,-0.005509445909488674,0.0001423759461997784,0.005651821855688452,0.005651821855688452
PS,10,H,0.0200243197274944,0.02288392086287625,0.0028596011353818514,0.0028596011353818514
PS,11,H,0.020024319727494373,0.02288392086287625,0.002859601135381879,0.002859601135381879
PS,12,H,-0.005509445909488589,-0.0003710882070077959,0.005138357702480793,0.005138357702480793
PS,13,H,0.12688923219010487,0.1264970210639036,-0.0003922111262012751,0.0003922111262012751
PS,14,H,0.1253301200267464,0.12551990539059926,0.00018978536385286238,0.00018978536385286238
PS,15,H,0.1129958411584275,0.1127461146853444,-0.00024972647308310614,0.00024972647308310614
PS,16,H,0.12591540272073745,0.12551990539059926,-0.0003954973301381892,0.0003954973301381892
PS,17,H,0.1263664234233149,0.1264970210639036,0.00013059764058870327,0.00013059764058870327
polymer_route_ab,0,H,0.11480221716342509,0.11566455605750106,0.0008623388940759702,0.0008623388940759702
polymer_route_ab,1,C,-0.4378659921673054,-0.43000901025972316,0.007856981907582217,0.007856981907582217
polymer_route_ab,2,C,0.3666443062049609,0.3530815901672688,-0.013562716037692102,0.013562716037692102
polymer_route_ab,3,C,-0.3309271572882069,-0.31213798957343697,0.018789167714769905,0.018789167714769905
polymer_route_ab,4,C,-0.11867976989430998,-0.13116592431201474,-0.012486154417704759,0.012486154417704759
polymer_route_ab,5,C,-0.01082455555753059,-0.006596030448289077,0.004228525109241514,0.004228525109241514
polymer_route_ab,6,C,0.01846106870516595,0.02037017181531534,0.0019091031101493884,0.0019091031101493884
polymer_route_ab,7,C,0.017859788004009017,0.02037017181531534,0.002510383811306322,0.002510383811306322
polymer_route_ab,8,C,-0.006420719719937071,-0.006596030448289077,-0.00017531072835200601,0.00017531072835200601
polymer_route_ab,9,C,-0.13154707565988202,-0.13116592431201474,0.00038115134786728677,0.00038115134786728677
polymer_route_ab,10,C,-0.31407426844220276,-0.31213798957343697,0.001936278868765795,0.001936278868765795
polymer_route_ab,11,C,0.36278561367598433,0.3530815901672688,-0.00970402350871552,0.00970402350871552
polymer_route_ab,12,C,-0.4360751495397929,-0.43000901025972316,0.006066139280069716,0.006066139280069716
polymer_route_ab,13,H,0.11455538776330294,0.11566455605750106,0.001109168294198118,0.001109168294198118
polymer_route_ab,14,C,-0.3241221219035763,-0.31213798957343697,0.011984132330139341,0.011984132330139341
polymer_route_ab,15,C,-0.1261208339897283,-0.13116592431201474,-0.00504509032228645,0.00504509032228645
polymer_route_ab,16,C,-0.1311948005449698,-0.13116592431201474,2.8876232955055148e-05,2.8876232955055148e-05
polymer_route_ab,17,C,-0.31247821427734235,-0.31213798957343697,0.0003402247039053785,0.0003402247039053785
polymer_route_ab,18,H,0.11480221716342483,0.11233802896407306,-0.0024641881993517634,0.0024641881993517634
polymer_route_ab,19,H,0.11480221716342484,0.11233802896407306,-0.0024641881993517772,0.0024641881993517772
polymer_route_ab,20,H,0.15714079736664277,0.1543807966688452,-0.002760000697797582,0.002760000697797582
polymer_route_ab,21,H,0.12948310732708213,0.13124504716947274,0.0017619398423906196,0.0017619398423906196
polymer_route_ab,22,H,0.02038328438994569,0.01908440241702418,-0.001298881972921509,0.001298881972921509
polymer_route_ab,23,H,0.020383284389945633,0.01908440241702418,-0.0012988819729214535,0.0012988819729214535
polymer_route_ab,24,H,0.01919510329400344,0.01908440241702418,-0.00011070087697926181,0.00011070087697926181
polymer_route_ab,25,H,0.01919510329400327,0.01908440241702418,-0.00011070087697909181,0.00011070087697909181
polymer_route_ab,26,H,0.1319129629294411,0.13124504716947274,-0.0006679157599683572,0.0006679157599683572
polymer_route_ab,27,H,0.15512948021063572,0.1543807966688452,-0.0007486835417905291,0.0007486835417905291
polymer_route_ab,28,H,0.11455538776330305,0.11233802896407306,-0.0022173587992299904,0.0022173587992299904
polymer_route_ab,29,H,0.11455538776330297,0.11233802896407306,-0.002217358799229907,0.002217358799229907
polymer_route_ab,30,H,0.15669530997875022,0.1543807966688452,-0.0023145133099050363,0.0023145133099050363
polymer_route_ab,31,H,0.13079293971306805,0.13124504716947274,0.00045210745640469896,0.00045210745640469896
polymer_route_ab,32,H,0.13130130406850377,0.13124504716947274,-5.6256899031020824e-05,5.6256899031020824e-05
polymer_route_ab,33,H,0.15489439065245864,0.1543807966688452,-0.0005135939836134473,0.0005135939836134473
glucose_0,0,H,0.431025470278102,0.4310533649110735,2.7894632971481315e-05,2.7894632971481315e-05
glucose_0,1,O,-0.6510742946001056,-0.6510969910630346,-2.269646292907268e-05,2.269646292907268e-05
glucose_0,2,C,0.1822053552221311,0.18215591697139125,-4.94382507398583e-05,4.94382507398583e-05
glucose_0,3,O,-0.3660503679160396,-0.36617688267550697,-0.00012651475946734436,0.00012651475946734436
glucose_0,4,C,0.2541017614735846,0.2543792815276126,0.00027752005402797986,0.00027752005402797986
glucose_0,5,C,0.07713287099280769,0.09314123458977475,0.016008363596967057,0.016008363596967057
glucose_0,6,O,-0.588556386016645,-0.5885409200753047,1.546594134027579e-05,1.546594134027579e-05
glucose_0,7,C,-0.46746928545872896,-0.4910467984300144,-0.023577512971285464,0.023577512971285464
glucose_0,8,H,0.11234857151804811,0.11703445698600767,0.004685885467959561,0.004685885467959561
glucose_0,9,C,0.33917146352705774,0.33950998653347675,0.00033852300641901145,0.00033852300641901145
glucose_0,10,O,-0.7134444296135329,-0.7134663624639023,-2.193285036933279e-05,2.193285036933279e-05
glucose_0,11,C,0.3304879677906487,0.33050963078479806,2.16629941493518e-05,2.16629941493518e-05
glucose_0,12,O,-0.6525892156328172,-0.6525606405488547,2.8575083962589787e-05,2.8575083962589787e-05
glucose_0,13,H,0.11571308722326082,0.11573144609024343,1.8358866982606803e-05,1.8358866982606803e-05
glucose_0,14,H,0.03986360457089158,0.03976863303914249,-9.497153174908846e-05,9.497153174908846e-05
glucose_0,15,H,0.07391524465482063,0.06474944010094089,-0.009165804553879747,0.009165804553879747
glucose_0,16,H,0.07391524465481963,0.06474944010094089,-0.009165804553878748,0.009165804553878748
glucose_0,17,H,0.38338645563051743,0.3833699216412849,-1.653398923251448e-05,1.653398923251448e-05
glucose_0,18,H,0.11234857151804772,0.133289527232861,0.020940955714813275,0.020940955714813275
glucose_0,19,H,0.02676171979496976,0.02674168898905387,-2.003080591589032e-05,2.003080591589032e-05
glucose_0,20,H,0.43786222459545554,0.4378143522044938,-4.787239096176732e-05,4.787239096176732e-05
glucose_0,21,H,0.017097942457220294,0.017110869138165785,1.2926680945490876e-05,1.2926680945490876e-05
glucose_0,22,H,0.43184642333548545,0.43177940441535634,-6.701892012911381e-05,6.701892012911381e-05
glucose_2,0,H,0.346125175919865,0.3660816089809989,0.01995643306113387,0.01995643306113387
glucose_2,1,O,-0.5610509730530943,-0.5966617916518201,-0.035610818598725835,0.035610818598725835
glucose_2,2,C,0.08707880457962382,0.27374055761151045,0.18666175303188665,0.18666175303188665
glucose_2,3,O,-0.31278514829564963,-0.33383645456896693,-0.021051306273317305,0.021051306273317305
glucose_2,4,C,0.1764504735449154,0.11911161864275333,-0.05733885490216206,0.05733885490216206
glucose_2,5,C,0.13501556654115981,0.17164112681401175,0.03662556027285194,0.03662556027285194
glucose_2,6,O,-0.6280109000887374,-0.6380416282114569,-0.010030728122719546,0.010030728122719546
glucose_2,7,C,-0.3415680681669961,-0.2902104427646821,0.05135762540231398,0.05135762540231398
glucose_2,8,H,0.06570706021155232,0.07424576831697377,0.008538708105421455,0.008538708105421455
glucose_2,9,C,0.40298385191285524,0.30039686109616337,-0.10258699081669187,0.10258699081669187
glucose_2,10,O,-0.6495335863291615,-0.5963907183926456,0.0531428679365159,0.0531428679365159
glucose_2,11,C,0.247006536077643,-0.09575246909115312,-0.3427590051687961,0.3427590051687961
glucose_2,12,O,-0.7700257327689738,-0.22793674238290085,0.5420889903860729,0.5420889903860729
glucose_2,13,C,1.1148134969763264,-0.03754070918324559,-1.152354206159572,1.152354206159572
glucose_2,14,C,0.42034075292034256,0.8797178884594954,0.4593771355391528,0.4593771355391528
glucose_2,15,O,-0.7471730232338656,-0.8071202184466743,-0.05994719521280867,0.05994719521280867
glucose_2,16,O,-0.6731677296864759,-0.8071202184466743,-0.13395248876019838,0.13395248876019838
glucose_2,17,H,0.17308680437621943,0.11268514354003219,-0.06040166083618724,0.06040166083618724
glucose_2,18,H,0.06899178172003873,0.08348844123237938,0.014496659512340651,0.014496659512340651
glucose_2,19,H,0.05935436649323217,0.05266708246153235,-0.006687284031699818,0.006687284031699818
glucose_2,20,H,0.059354366493233,0.05266708246153235,-0.006687284031700651,0.006687284031700651
glucose_2,21,H,0.37008072023780614,0.37745558318899636,0.00737486295119022,0.00737486295119022
glucose_2,22,H,0.09129685700134599,0.08680224308270501,-0.004494613918640977,0.004494613918640977
glucose_2,23,H,-0.020158075213002693,0.01566192133528707,0.03581999654828977,0.03581999654828977
glucose_2,24,H,0.4209607356080382,0.3738567958500203,-0.04710393975801791,0.04710393975801791
glucose_2,25,H,0.0016708668003690974,0.09139147086549589,0.08972060406512679,0.08972060406512679
glucose_2,26,H,-0.2684224902893043,-0.0004999003998338348,0.2679225898894705,0.2679225898894705
glucose_2,27,H,-0.2684224902893052,-0.0004999003998338348,0.2679225898894714,0.2679225898894714
glucose_3,0,H,0.49119831097895905,0.3579987556543125,-0.13319955532464656,0.13319955532464656
glucose_3,1,O,-0.8449763061967678,-0.6246206452526679,0.22035566094409986,0.22035566094409986
glucose_3,2,C,0.7693827986324125,0.4933999263101184,-0.2759828723222941,0.2759828723222941
glucose_3,3,O,-0.5723266861184898,-0.45343061692303965,0.11889606919545015,0.11889606919545015
glucose_3,4,C,0.37908876740868697,0.21757022340708407,-0.1615185440016029,0.1615185440016029
glucose_3,5,C,0.15623758231161539,0.2289036994425896,0.0726661171309742,0.0726661171309742
glucose_3,6,O,-0.6335419250066345,-0.6385967772392214,-0.005054852232586837,0.005054852232586837
glucose_3,7,C,-0.5812847868691438,-0.6166240142870548,-0.03533922741791107,0.03533922741791107
glucose_3,8,H,0.20270492808106594,0.19616875612629436,-0.006536171954771575,0.006536171954771575
glucose_3,9,C,1.0948000701060554,0.07075215012687587,-1.0240479199791794,1.0240479199791794
glucose_3,10,O,-0.707534015826683,-0.3784307941524541,0.32910322167422884,0.32910322167422884
glucose_3,11,C,0.7213318999111816,0.149431472001114,-0.5719004279100677,0.5719004279100677
glucose_3,12,C,0.3246410633722463,0.841144093793196,0.5165030304209497,0.5165030304209497
glucose_3,13,O,-0.6044905398392059,-0.8060723858209276,-0.20158184598172169,0.20158184598172169
glucose_3,14,O,-0.7201505235330403,-0.8060723858209276,-0.08592186228788723,0.08592186228788723
glucose_3,15,C,-0.7585359912807256,0.11885237236064405,0.8773883636413696,0.8773883636413696
glucose_3,16,O,-0.4468685584659885,-0.6006178943443401,-0.1537493358783516,0.1537493358783516
glucose_3,17,H,-0.007696810386692787,-0.0048593597893282214,0.002837450597364566,0.002837450597364566
glucose_3,18,H,0.04439758928065124,0.033658538856616294,-0.010739050424034946,0.010739050424034946
glucose_3,19,H,0.020608441453570173,0.021226314048318574,0.0006178725947484018,0.0006178725947484018
glucose_3,20,H,0.020608441453570173,0.021226314048318574,0.0006178725947484018,0.0006178725947484018
glucose_3,21,H,0.3998243995884556,0.37087829031995734,-0.028946109268498277,0.028946109268498277
glucose_3,22,H,0.014677660642689869,0.29353315940627417,0.2788554987635843,0.2788554987635843
glucose_3,23,H,-0.10919233712510507,0.11647973880719756,0.22567207593230262,0.22567207593230262
glucose_3,24,H,-0.14259158847899422,-0.023245016931212434,0.11934657154778179,0.11934657154778179
glucose_3,25,H,-0.14259158847899422,-0.023245016931212434,0.11934657154778179,0.11934657154778179
glucose_3,26,H,0.2846258268210974,0.08596675237802762,-0.19865907444306977,0.19865907444306977
glucose_3,27,H,0.3476538775642082,0.35862435040544677,0.010970472841238588,0.010970472841238588
glucose_6,0,H,0.36043087752572145,0.3603276850343017,-0.00010319249141976794,0.00010319249141976794
glucose_6,1,O,-0.6846645258082915,-0.6783168652306697,0.0063476605776218165,0.0063476605776218165
glucose_6,2,C,0.7524671517425965,0.7002467924334951,-0.052220359309101405,0.052220359309101405
glucose_6,3,O,-0.5884049637133366,-0.5255426910419078,0.06286227267142885,0.06286227267142885
glucose_6,4,C,0.3743772900922159,0.3352232862859849,-0.039154003806230964,0.039154003806230964
glucose_6,5,C,0.1416079912209563,-0.09503110670159243,-0.23663909792254872,0.23663909792254872
glucose_6,6,O,-0.7116918011255183,-0.42222723140364404,0.2894645697218743,0.2894645697218743
glucose_6,7,C,1.0046557713317998,0.21420938007256946,-0.7904463912592303,0.7904463912592303
glucose_6,8,C,0.47878655653007185,0.8897966951110974,0.41101013858102553,0.41101013858102553
glucose_6,9,O,-0.7657981403282765,-0.84088942189001,-0.0750912815617335,0.0750912815617335
glucose_6,10,O,-0.712988416201797,-0.84088942189001,-0.12790100568821305,0.12790100568821305
glucose_6,11,C,-0.2839319077453353,-0.3401347748615535,-0.05620286711621825,0.05620286711621825
glucose_6,12,H,0.06286591452697782,0.0783607395809506,0.015494825053972788,0.015494825053972788
glucose_6,13,C,0.234228447422189,0.2463511151715565,0.012122667749367488,0.012122667749367488
glucose_6,14,O,-0.645829260874599,-0.6607861413743233,-0.014956880499724323,0.014956880499724323
glucose_6,15,C,-0.0285334493926116,0.006352294276833814,0.03488574366944541,0.03488574366944541
glucose_6,16,O,-0.6699524303790636,-0.6675293921960972,0.0024230381829664083,0.0024230381829664083
glucose_6,17,H,-0.02029402353429499,-0.015250239333678969,0.005043784200616023,0.005043784200616023
glucose_6,18,H,0.0211952104444154,0.0234162772488107,0.002221066804395301,0.002221066804395301
glucose_6,19,H,0.02498959032891701,0.08878522046671941,0.0637956301378024,0.0637956301378024
glucose_6,20,H,0.024989590328897915,0.08878522046671941,0.0637956301378215,0.0637956301378215
glucose_6,21,H,-0.23077645915489078,-0.04825994843631786,0.18251651071857292,0.18251651071857292
glucose_6,22,H,-0.23077645915488507,-0.04825994843631786,0.1825165107185672,0.1825165107185672
glucose_6,23,H,0.23467001040186197,0.2975193770524993,0.06284936665063734,0.06284936665063734
glucose_6,24,H,0.014678420580056792,0.012013330143113447,-0.0026650904369433445,0.0026650904369433445
glucose_6,25,H,0.3874040732537837,0.3927692951214897,0.005365221867706049,0.005365221867706049
glucose_6,26,H,0.046799359148079755,0.04746676594390083,0.0006674067958210711,0.0006674067958210711
glucose_6,27,H,0.40949558253435936,0.4014937083860805,-0.008001874148278854,0.008001874148278854
glucose_23,0,H,0.3737204654041719,0.36203978845925144,-0.011680676944920476,0.011680676944920476
glucose_23,1,O,-0.6721483086195532,-0.6230997163203464,0.04904859229920677,0.04904859229920677
glucose_23,2,C,0.4689031636643702,0.4515100208351047,-0.017393142829265462,0.017393142829265462
glucose_23,3,O,-0.5911867969549716,-0.5501231328328343,0.041063664122137244,0.041063664122137244
glucose_23,4,C,0.4306040953625707,0.36158852635741356,-0.06901556900515715,0.06901556900515715
glucose_23,5,C,0.21885380076465108,0.2525145549567669,0.03366075419211581,0.03366075419211581
glucose_23,6,O,-0.6683911380375541,-0.6719123669490445,-0.003521228911490426,0.003521228911490426
glucose_23,7,C,-0.33730568794754373,-0.4684429431643995,-0.13113725521685576,0.13113725521685576
glucose_23,8,H,0.13458270770170896,0.17555192715942836,0.04096921945771939,0.04096921945771939
glucose_23,9,C,-0.07208097433724309,0.012211282480855568,0.08429225681809865,0.08429225681809865
glucose_23,10,O,-0.4651762157355886,-0.21034334696234044,0.2548328687732482,0.2548328687732482
glucose_23,11,C,0.6775597165880108,0.05324618008453705,-0.6243135365034738,0.6243135365034738
glucose_23,12,C,0.5648066979321785,0.8551381098747066,0.2903314119425281,0.2903314119425281
glucose_23,13,O,-0.7537559564236432,-0.8490204714984518,-0.0952645150748086,0.0952645150748086
glucose_23,14,O,-0.8110507415085351,-0.8490204714984518,-0.03796972998991677,0.03796972998991677
glucose_23,15,C,0.19111465493029317,-0.31740426083048146,-0.5085189157607746,0.5085189157607746
glucose_23,16,O,-0.6078763872919426,-0.309892435467705,0.2979839518242376,0.2979839518242376
glucose_23,17,C,0.760242211775009,0.15279305759374046,-0.6074491541812685,0.6074491541812685
glucose_23,18,C,0.5029611485197538,0.8293510875120864,0.3263899389923326,0.3263899389923326
glucose_23,19,O,-0.7797292837104418,-0.8361258548190613,-0.05639657110861951,0.05639657110861951
glucose_23,20,O,-0.7232318648093119,-0.8361258548190613,-0.11289399000974942,0.11289399000974942
glucose_23,21,H,0.0624487021997151,0.07558517063134693,0.013136468431631826,0.013136468431631826
glucose_23,22,H,-0.0248237685750326,-0.0006614274930274999,0.0241623410820051,0.0241623410820051
glucose_23,23,H,0.01211045922751958,0.008892252643905741,-0.003218206583613839,0.003218206583613839
glucose_23,24,H,0.012110459227519133,0.008892252643905741,-0.0032182065836133915,0.0032182065836133915
glucose_23,25,H,0.363992019858634,0.3674822330794353,0.003490213220801286,0.003490213220801286
glucose_23,26,H,0.04261852788391707,0.09065584475554667,0.0480373168716296,0.0480373168716296
glucose_23,27,H,0.17524503110288725,0.1727035289567488,-0.0025415021461384635,0.0025415021461384635
glucose_23,28,H,-0.14114354560792564,0.0004086102250162073,0.14155215583294184,0.14155215583294184
glucose_23,29,H,-0.1411435456079263,0.0004086102250162073,0.1415521558329425,0.1415521558329425
glucose_23,30,H,0.13976542116793486,0.35587674366174277,0.2161113224938079,0.2161113224938079
glucose_23,31,H,-0.17129753407181625,-0.032338749740675465,0.13895878433114078,0.13895878433114078
glucose_23,32,H,-0.17129753407181575,-0.032338749740675465,0.13895878433114028,0.13895878433114028
glucose_26,0,H,0.38702539890931,0.38224285690659765,-0.004782542002712331,0.004782542002712331
glucose_26,1,O,-0.6569620137610053,-0.616021346045962,0.04094066771504323,0.04094066771504323
glucose_26,2,C,0.5262125996903805,0.4405459673397347,-0.08566663235064575,0.08566663235064575
glucose_26,3,O,-0.5829106789828815,-0.5496515984288735,0.03325908055400806,0.03325908055400806
glucose_26,4,C,0.6183145515275817,0.46246562100437827,-0.15584893052320348,0.15584893052320348
glucose_26,5,C,-0.09306547842366679,-0.23724092103945155,-0.14417544261578474,0.14417544261578474
glucose_26,6,O,-0.6280615769660705,-0.3450495809405872,0.28301199602548327,0.28301199602548327
glucose_26,7,C,0.8704009648427572,0.17384483810714668,-0.6965561267356105,0.6965561267356105
glucose_26,8,C,0.5222715762076605,0.8339060974776588,0.31163452126999824,0.31163452126999824
glucose_26,9,O,-0.7989347787350759,-0.8313506773221091,-0.0324158985870332,0.0324158985870332
glucose_26,10,O,-0.7233367974725848,-0.8313506773221091,-0.10801387984952426,0.10801387984952426
glucose_26,11,C,-0.737130886727074,-0.4723160520787741,0.26481483464829997,0.26481483464829997
glucose_26,12,H,0.12390663975174465,0.07066013451829078,-0.05324650523345387,0.05324650523345387
glucose_26,13,C,0.38916244676784645,0.36226078741040074,-0.026901659357445706,0.026901659357445706
glucose_26,14,O,-0.6455450477868759,-0.6471301660611722,-0.0015851182742963044,0.0015851182742963044
glucose_26,15,C,0.19787740575154894,-0.18593169711468044,-0.3838091028662294,0.3838091028662294
glucose_26,16,O,-0.6592270797017035,-0.351586992550709,0.30764008715099445,0.30764008715099445
glucose_26,17,C,0.8932919981665717,0.15950098355826042,-0.7337910146083113,0.7337910146083113
glucose_26,18,C,0.4731539237376252,0.8730113356851236,0.39985741194749835,0.39985741194749835
glucose_26,19,O,-0.6943416467321112,-0.8404626633463376,-0.14612101661422638,0.14612101661422638
glucose_26,20,O,-0.7788122770055144,-0.8404626633463376,-0.061650386340823204,0.061650386340823204
glucose_26,21,H,-0.0173073743053299,0.02482868169096222,0.042136055996292124,0.042136055996292124
glucose_26,22,H,0.014639800134790493,0.050694532566764275,0.03605473243197378,0.03605473243197378
glucose_26,23,H,0.08437014639114136,0.14473029303113255,0.06036014663999119,0.06036014663999119
glucose_26,24,H,0.08437014639114127,0.14473029303113255,0.060360146639991286,0.060360146639991286
glucose_26,25,H,-0.1988861048766335,-0.04945917725578239,0.1494269276208511,0.1494269276208511
glucose_26,26,H,-0.19888610487663466,-0.04945917725578239,0.14942692762085227,0.14942692762085227
glucose_26,27,H,0.19590446492475339,0.14228586181185518,-0.053618603112898205,0.053618603112898205
glucose_26,28,H,0.0468962913066014,0.035705217808955816,-0.01119107349764558,0.01119107349764558
glucose_26,29,H,0.3365551002047865,0.3649037400219357,0.02834863981714919,0.02834863981714919
glucose_26,30,H,0.06641247705719627,0.27228122760689877,0.2058687505497025,0.2058687505497025
glucose_26,31,H,-0.20867904270513807,-0.04556253973428025,0.16311650297085784,0.16311650297085784
glucose_26,32,H,-0.20867904270513798,-0.04556253973428025,0.16311650297085772,0.16311650297085772
glucose_36,0,H,0.4123201477451812,0.4076229875196782,-0.004697160225503039,0.004697160225503039
glucose_36,1,O,-0.7248479349664997,-0.7140208092773648,0.010827125689134909,0.010827125689134909
glucose_36,2,C,0.5980236718937535,0.6355020910549223,0.037478419161168786,0.037478419161168786
glucose_36,3,O,-0.6047710501386516,-0.6177435873873879,-0.01297253724873626,0.01297253724873626
glucose_36,4,C,0.40035440815690504,0.42033297767647887,0.01997856951957383,0.01997856951957383
glucose_36,5,C,0.04138260538230565,-0.20591044693182614,-0.2472930523141318,0.2472930523141318
glucose_36,6,O,-0.6323067414126664,-0.36792330597130163,0.2643834354413648,0.2643834354413648
glucose_36,7,C,0.8733974063999415,0.18852084587421977,-0.6848765605257217,0.6848765605257217
glucose_36,8,C,0.5324123387005386,0.862556615732164,0.3301442770316254,0.3301442770316254
glucose_36,9,O,-0.7976176361366062,-0.8415770778175409,-0.043959441680934686,0.043959441680934686
glucose_36,10,O,-0.7347947025639315,-0.8415770778175409,-0.10678237525360934,0.10678237525360934
glucose_36,11,C,-0.870693689517623,-0.7221748075056853,0.14851888201193775,0.14851888201193775
glucose_36,12,H,0.24999454108542657,0.22380152528375855,-0.026193015801668024,0.026193015801668024
glucose_36,13,C,0.5951973327566309,0.2004822429266354,-0.3947150898299955,0.3947150898299955
glucose_36,14,O,-0.6338136202958249,-0.36889828136141567,0.2649153389344092,0.2649153389344092
glucose_36,15,C,0.7802143142326559,0.2088966587433577,-0.5713176554892981,0.5713176554892981
glucose_36,16,C,0.49779501368092727,0.8291330601044782,0.3313380464235509,0.3313380464235509
glucose_36,17,O,-0.7882260957974759,-0.8345657187432105,-0.04633962294573457,0.04633962294573457
glucose_36,18,O,-0.7095689178834514,-0.8345657187432105,-0.12499680085975906,0.12499680085975906
glucose_36,19,C,0.15658957946790625,0.12185779097219561,-0.03473178849571064,0.03473178849571064
glucose_36,20,O,-0.6858568466782056,-0.6331253863599812,0.0527314603182244,0.0527314603182244
glucose_36,21,H,-0.05234144171355874,-0.06984007043211532,-0.017498628718556578,0.017498628718556578
glucose_36,22,H,0.12468243233439863,0.132306020819291,0.007623588484892363,0.007623588484892363
glucose_36,23,H,0.07366276621665051,0.16095712061474282,0.08729435439809231,0.08729435439809231
glucose_36,24,H,0.07366276621665233,0.16095712061474282,0.0872943543980905,0.0872943543980905
glucose_36,25,H,-0.22090028431540276,-0.06914337894221925,0.1517569053731835,0.1517569053731835
glucose_36,26,H,-0.22090028431540243,-0.06914337894221925,0.15175690537318318,0.15175690537318318
glucose_36,27,H,0.13789298790009286,0.12311600235440778,-0.014776985545685073,0.014776985545685073
glucose_36,28,H,0.010177181112304368,0.17649276818292428,0.1663155870706199,0.1663155870706199
glucose_36,29,H,-0.1525834479025382,-0.04497393707157983,0.10760951083095836,0.10760951083095836
glucose_36,30,H,-0.15258344790254053,-0.04497393707157983,0.1076095108309607,0.1076095108309607
glucose_36,31,H,0.023622979766729592,0.05128824936987808,0.02766526960314849,0.02766526960314849
glucose_36,32,H,0.4004236684913779,0.37633284253230415,-0.024090825959073747,0.024090825959073747
glucose_236,0,H,0.4697191884564116,0.512767498770974,0.043048310314562466,0.043048310314562466
glucose_236,1,O,-0.898741276100699,-0.8783736772532631,0.020367598847435886,0.020367598847435886
glucose_236,2,C,1.4473589967444889,1.02126204060403,-0.42609695614045884,0.42609695614045884
glucose_236,3,O,-0.6550804793873297,-0.6992536398239445,-0.04417316043661479,0.04417316043661479
glucose_236,4,C,0.21525706408648174,0.5990956702408244,0.38383860615434273,0.38383860615434273
glucose_236,5,C,-0.26869975450235095,-0.14848422447440446,0.1202155300279465,0.1202155300279465
glucose_236,6,O,-0.06147471546533109,-0.2925628762432753,-0.23108816077794422,0.23108816077794422
glucose_236,7,C,-0.16767955371295074,0.10850668782249442,0.27618624153544513,0.27618624153544513
glucose_236,8,C,0.9158500012100097,0.9406157517579959,0.024765750547986243,0.024765750547986243
glucose_236,9,O,-0.8433478660158642,-0.8782797816686077,-0.03493191565274345,0.03493191565274345
glucose_236,10,O,-0.8433478660158642,-0.8782797816686077,-0.03493191565274345,0.03493191565274345
glucose_236,11,C,-1.0020568911568366,-0.706761586418157,0.2952953047386796,0.2952953047386796
glucose_236,12,H,0.30777942986184337,0.25910476279995653,-0.048674667061886834,0.048674667061886834
glucose_236,13,C,0.5768990344760321,0.42620301697320667,-0.1506960175028254,0.1506960175028254
glucose_236,14,O,-0.3771730715604227,-0.35106017576245485,0.026112895797967828,0.026112895797967828
glucose_236,15,C,0.21536818542350805,0.1846580493996084,-0.03071013602389966,0.03071013602389966
glucose_236,16,C,0.9198013887601341,0.9153759367093396,-0.004425452050794476,0.004425452050794476
glucose_236,17,O,-0.8789982513116168,-0.8744869051732469,0.004511346138369898,0.004511346138369898
glucose_236,18,O,-0.8789982513116168,-0.8744869051732469,0.004511346138369898,0.004511346138369898
glucose_236,19,C,-1.0430721831464491,-0.6022504320195026,0.44082175112694655,0.44082175112694655
glucose_236,20,O,0.20167879860321147,-0.26621429770738286,-0.46789309631059434,0.46789309631059434
glucose_236,21,C,-0.5503860217193122,0.06067136863614195,0.6110573903554541,0.6110573903554541
glucose_236,22,C,1.1371317417789584,0.8616960514327983,-0.2754356903461601,0.2754356903461601
glucose_236,23,O,-0.8942122593314235,-0.8280765611807791,0.06613569815064435,0.06613569815064435
glucose_236,24,O,-0.8942122593314235,-0.8280765611807791,0.06613569815064435,0.06613569815064435
glucose_236,25,H,-0.18500447175657037,-0.016602846528843578,0.16840162522772678,0.16840162522772678
glucose_236,26,H,-0.027087858391445896,-0.03839365163443472,-0.011305793242988825,0.011305793242988825
glucose_236,27,H,0.2063981147584667,0.08136382131521391,-0.1250342934432528,0.1250342934432528
glucose_236,28,H,0.2063981147584667,0.08136382131521391,-0.1250342934432528,0.1250342934432528
glucose_236,29,H,-0.03529385571078526,-0.052799152988447846,-0.017505297277662583,0.017505297277662583
glucose_236,30,H,-0.03529385571078526,-0.052799152988447846,-0.017505297277662583,0.017505297277662583
glucose_236,31,H,0.36396087846476627,0.125303455444143,-0.23865742302062326,0.23865742302062326
glucose_236,32,H,0.16709699126497815,0.049222692139634316,-0.11787429912534383,0.11787429912534383
glucose_236,33,H,-0.09286485998486149,-0.08666267715032831,0.006202182834533179,0.006202182834533179
glucose_236,34,H,-0.09286485998486149,-0.08666267715032831,0.006202182834533179,0.006202182834533179
glucose_236,35,H,0.28828534175942255,0.25099274230960145,-0.03729259944982111,0.03729259944982111
glucose_236,36,H,0.043453595600810996,-0.018817901741347634,-0.06227149734215863,0.06227149734215863
glucose_236,37,H,0.043453595600810996,-0.018817901741347634,-0.06227149734215863,0.06227149734215863
EC,0,O,-0.537967776405009,-0.539793098378137,-0.0018253219731280135,0.0018253219731280135
EC,1,C,0.8427140213580065,0.8403282062787526,-0.00238581507925395,0.00238581507925395
EC,2,O,-0.3754454796814192,-0.3728788811589963,0.0025665985224229138,0.0025665985224229138
EC,3,C,0.0981123395396567,0.0834328737295567,-0.014679465810100004,0.014679465810100004
EC,4,C,0.08564800060675398,0.0834328737295567,-0.002215126877197285,0.002215126877197285
EC,5,O,-0.37324337101492167,-0.3728788811589963,0.000364489855925354,0.000364489855925354
EC,6,H,0.0636412925459654,0.06958922673956594,0.00594793419360054,0.00594793419360054
EC,7,H,0.06364129254596539,0.06958922673956594,0.005947934193600554,0.005947934193600554
EC,8,H,0.06644984025250096,0.06958922673956594,0.0031393864870649796,0.0031393864870649796
EC,9,H,0.06644984025250095,0.06958922673956594,0.0031393864870649935,0.0031393864870649935
EMC,0,C,-0.29365616038667636,-0.3133686227518908,-0.019712462365214456,0.019712462365214456
EMC,1,C,0.42433387412630497,0.3684669281663966,-0.055866945959908376,0.055866945959908376
EMC,2,O,-0.5078221639646376,-0.5059388191542254,0.0018833448104121908,0.0018833448104121908
EMC,3,C,0.934149396158159,0.930154802162963,-0.003994593995195972,0.003994593995195972
EMC,4,O,-0.5678174024466466,-0.5664932263417221,0.0013241761049245238,0.0013241761049245238
EMC,5,O,-0.3739381189123359,-0.373528360601575,0.0004097583107608993,0.0004097583107608993
EMC,6,C,0.0030125922552832335,-0.02648941409511241,-0.029502006350395644,0.029502006350395644
EMC,7,H,0.07656335444040263,0.08619318142912784,0.009629826988725207,0.009629826988725207
EMC,8,H,0.0765633544404026,0.08619318142912784,0.009629826988725235,0.009629826988725235
EMC,9,H,0.07656335444040226,0.08619318142912784,0.009629826988725582,0.009629826988725582
EMC,10,H,-0.024750096978975566,-0.0024350891572434887,0.022315007821732076,0.022315007821732076
EMC,11,H,-0.024750096978975403,-0.0024350891572434887,0.022315007821731916,0.022315007821731916
EMC,12,H,0.06718270460243059,0.07782911554742332,0.010646410944992732,0.010646410944992732
EMC,13,H,0.06718270460243111,0.07782911554742332,0.010646410944992205,0.010646410944992205
EMC,14,H,0.06718270460243113,0.07782911554742332,0.01064641094499219,0.01064641094499219
DEC,0,C,-0.2891381903635568,-0.2964480219686716,-0.0073098316051147805,0.0073098316051147805
DEC,1,C,0.3862986488007736,0.35156444622119576,-0.03473420257957782,0.03473420257957782
DEC,2,O,-0.46739377550547,-0.45352541772980626,0.013868357775663753,0.013868357775663753
DEC,3,C,0.9217679374074994,0.9166327687048339,-0.005135168702665505,0.005135168702665505
DEC,4,O,-0.588402349968517,-0.586704041776804,0.001698308191713016,0.001698308191713016
DEC,5,O,-0.47940189997228394,-0.45352541772980626,0.025876482242477683,0.025876482242477683
DEC,6,C,0.47888619982746683,0.35156444622119576,-0.12732175360627107,0.12732175360627107
DEC,7,C,-0.3579246881796677,-0.2964480219686716,0.06147666621099612,0.06147666621099612
DEC,8,H,0.07794012153470098,0.08392012976806301,0.005980008233362033,0.005980008233362033
DEC,9,H,0.07794012153470091,0.08392012976806301,0.005980008233362102,0.005980008233362102
DEC,10,H,0.07794012153470087,0.08392012976806301,0.005980008233362144,0.005980008233362144
DEC,11,H,-0.01614773281344606,-0.009157879645460956,0.006989853167985102,0.006989853167985102
DEC,12,H,-0.01614773281344617,-0.009157879645460956,0.006989853167985213,0.006989853167985213
DEC,13,H,-0.0455832978355285,-0.009157879645460956,0.036425418190067546,0.036425418190067546
DEC,14,H,-0.04558329783552861,-0.009157879645460956,0.03642541819006766,0.03642541819006766
DEC,15,H,0.0949832715492008,0.08392012976806301,-0.011063141781137792,0.011063141781137792
DEC,16,H,0.09498327154920061,0.08392012976806301,-0.011063141781137598,0.011063141781137598
DEC,17,H,0.09498327154920069,0.08392012976806301,-0.011063141781137681,0.011063141781137681
DMC,0,C,0.038674653523144156,-0.05851242165518618,-0.09718707517833033,0.09718707517833033
DMC,1,O,-0.4292090095117512,-0.40929633545136174,0.01991267406038949,0.01991267406038949
DMC,2,C,1.0091090752861822,1.00185396074138,-0.007255114544802321,0.007255114544802321
DMC,3,O,-0.598457658199654,-0.5976180830172693,0.0008395751823847553,0.0008395751823847553
DMC,4,O,-0.42942117917982103,-0.40929633545136174,0.020124843728459296,0.020124843728459296
DMC,5,C,0.039877291712947946,-0.05851242165518618,-0.09838971336813412,0.09838971336813412
DMC,6,H,0.06173172219617449,0.08856360608149753,0.026831883885323045,0.026831883885323045
DMC,7,H,0.061731722196174524,0.08856360608149753,0.02683188388532301,0.02683188388532301
DMC,8,H,0.06173172219617473,0.08856360608149753,0.026831883885322802,0.026831883885322802
DMC,9,H,0.0614105532601428,0.08856360608149753,0.02715305282135473,0.02715305282135473
DMC,10,H,0.06141055326014281,0.08856360608149753,0.027153052821354724,0.027153052821354724
DMC,11,H,0.06141055326014255,0.08856360608149753,0.02715305282135498,0.02715305282135498
PC,0,C,-0.4772073342558103,-0.441227887857367,0.035979446398443304,0.035979446398443304
PC,1,C,0.3301861886803965,0.3258229582761881,-0.004363230404208385,0.004363230404208385
PC,2,C,0.057625567142636336,0.009061949858664663,-0.04856361728397167,0.04856361728397167
PC,3,O,-0.3654198042275999,-0.36419909463008643,0.0012207095975134696,0.0012207095975134696
PC,4,C,0.8247240200760584,0.8198849270233942,-0.004839093052664167,0.004839093052664167
PC,5,O,-0.5281557404056507,-0.5286694004221315,-0.0005136600164807881,0.0005136600164807881
PC,6,O,-0.41951857328607817,-0.4179843881743008,0.0015341851117773864,0.0015341851117773864
PC,7,H,0.1410982448384922,0.13332202207374813,-0.007776222764744073,0.007776222764744073
PC,8,H,0.14109824483849223,0.13332202207374813,-0.007776222764744101,0.007776222764744101
PC,9,H,0.1410982448384923,0.13332202207374813,-0.007776222764744156,0.007776222764744156
PC,10,H,0.03896666232821744,0.04142059509775409,0.0024539327695366486,0.0024539327695366486
PC,11,H,0.057752139716176876,0.07796213730332019,0.020209997587143314,0.020209997587143314
PC,12,H,0.057752139716176876,0.07796213730332019,0.020209997587143314,0.020209997587143314
FEC,0,O,-0.504133975469554,-0.5039204953822378,0.00021348008731614243,0.00021348008731614243
FEC,1,C,0.8102837668151546,0.8053713428319795,-0.0049124239831750405,0.0049124239831750405
FEC,2,O,-0.33500769130431796,-0.33207417613106155,0.002933515173256407,0.002933515173256407
FEC,3,C,0.017515300450229677,0.006721438040581153,-0.010793862409648525,0.010793862409648525
FEC,4,C,0.32451262726092345,0.31854342416214226,-0.005969203098781184,0.005969203098781184
FEC,5,F,-0.2138576931963914,-0.21766379583988144,-0.0038061026434900447,0.0038061026434900447
FEC,6,O,-0.3575218341819988,-0.352246680895,0.0052751532869987905,0.0052751532869987905
FEC,7,H,0.09252823808163671,0.09838909492446538,0.005860856842828666,0.005860856842828666
FEC,8,H,0.09252823808163677,0.09838909492446538,0.00586085684282861,0.00586085684282861
FEC,9,H,0.07315302346268077,0.07849075336454708,0.005337729901866317,0.005337729901866317
VC,0,O,-0.5380487944568504,-0.5380426787659065,6.1156909438864204e-06,6.1156909438864204e-06
VC,1,C,0.8206287053176365,0.8205850034734868,-4.3701844149701685e-05,4.3701844149701685e-05
VC,2,O,-0.23794414170003597,-0.2376445075410263,0.0002996341590096596,0.0002996341590096596
VC,3,C,-0.10468671757985872,-0.10620372447370718,-0.0015170068938484688,0.0015170068938484688
VC,4,C,-0.10792701747246473,-0.10620372447370718,0.0017232929987575502,0.0017232929987575502
VC,5,O,-0.23730153405235088,-0.2376445075410263,-0.00034297348867542987,0.00034297348867542987
VC,6,H,0.20216547479208608,0.20257706966094335,0.00041159486885727903,0.00041159486885727903
VC,7,H,0.20311402515183805,0.20257706966094335,-0.0005369554908946916,0.0005369554908946916
DTD,0,O,-0.384267750560715,-0.38265184409349084,0.0016159064672241485,0.0016159064672241485
DTD,1,S,0.918176680790834,0.9174260421462873,-0.0007506386445467195,0.0007506386445467195
DTD,2,O,-0.381285045339935,-0.38265184409349084,-0.0013667987535558312,0.0013667987535558312
DTD,3,O,-0.16087712257886483,-0.1603296907860678,0.0005474317927970374,0.0005474317927970374
DTD,4,C,-0.13059108864850139,-0.1305757978829754,1.529076552597708e-05,1.529076552597708e-05
DTD,5,C,-0.12966475045704934,-0.1305757978829754,-0.0009110474259260704,0.0009110474259260704
DTD,6,O,-0.16105533686050863,-0.1603296907860678,0.0007256460744408388,0.0007256460744408388
DTD,7,H,0.2149396948435382,0.21484431168939044,-9.538315414775456e-05,9.538315414775456e-05
DTD,8,H,0.21462471881120185,0.21484431168939044,0.00021959287818859585,0.00021959287818859585
DME,0,C,-0.04556571365002481,-0.11009746539821447,-0.06453175174818965,0.06453175174818965
DME,1,O,-0.2673821685199986,-0.2315097602035369,0.035872408316461685,0.035872408316461685
DME,2,C,0.05265391946954598,-0.0003471707553109847,-0.05300109022485697,0.05300109022485697
DME,3,C,0.0633468521833133,-0.0003471707553109847,-0.06369402293862429,0.06369402293862429
DME,4,O,-0.26935106747368553,-0.2315097602035369,0.037841307270148644,0.037841307270148644
DME,5,C,-0.04371236305798934,-0.11009746539821447,-0.06638510234022513,0.06638510234022513
DME,6,H,0.06008415405861681,0.07526324965771679,0.015179095599099982,0.015179095599099982
DME,7,H,0.0600841540586168,0.07526324965771679,0.015179095599099988,0.015179095599099988
DME,8,H,0.06008415405861677,0.07526324965771679,0.015179095599100016,0.015179095599100016
DME,9,H,0.03895650568964612,0.05808232369195599,0.01912581800230987,0.01912581800230987
DME,10,H,0.038956505689646134,0.05808232369195599,0.019125818002309856,0.019125818002309856
DME,11,H,0.03672090274479549,0.05808232369195599,0.021361420947160502,0.021361420947160502
DME,12,H,0.03672090274479542,0.05808232369195599,0.02136142094716057,0.02136142094716057
DME,13,H,0.05946775400136847,0.07526324965771679,0.015795495656348316,0.015795495656348316
DME,14,H,0.05946775400136853,0.07526324965771679,0.01579549565634826,0.01579549565634826
DME,15,H,0.0594677540013685,0.07526324965771679,0.015795495656348288,0.015795495656348288
Diglyme,0,C,0.14604933862361522,-0.0891765301656347,-0.23522586878924992,0.23522586878924992
Diglyme,1,O,-0.40854075935837153,-0.30186321871530175,0.10667754064306978,0.10667754064306978
Diglyme,2,C,0.13145925494307553,0.018908141012458593,-0.11255111393061694,0.11255111393061694
Diglyme,3,C,0.42176763629141933,0.367704563104444,-0.05406307318697534,0.05406307318697534
Diglyme,4,O,-0.5373787385579325,-0.535448786251384,0.0019299523065484658,0.0019299523065484658
Diglyme,5,C,0.23146619109983568,0.367704563104444,0.1362383720046083,0.1362383720046083
Diglyme,6,C,0.19346460570346707,0.018908141012458593,-0.1745564646910085,0.1745564646910085
Diglyme,7,O,-0.3754108960643473,-0.30186321871530175,0.07354767734904555,0.07354767734904555
Diglyme,8,C,0.02967481720146728,-0.0891765301656347,-0.11885134736710198,0.11885134736710198
Diglyme,9,H,0.018918738412979023,0.07361482250469303,0.05469608409171401,0.05469608409171401
Diglyme,10,H,0.018918738412978933,0.07361482250469303,0.0546960840917141,0.0546960840917141
Diglyme,11,H,0.01891873841297903,0.07361482250469303,0.054696084091714,0.054696084091714
Diglyme,12,H,0.014994257696760112,0.05716735321765435,0.04217309552089424,0.04217309552089424
Diglyme,13,H,0.014994257696760077,0.05716735321765435,0.04217309552089427,0.04217309552089427
Diglyme,14,H,-0.04370693121183636,-0.03151386802983095,0.012193063182005408,0.012193063182005408
Diglyme,15,H,-0.043706931211836275,-0.03151386802983095,0.012193063182005325,0.012193063182005325
Diglyme,16,H,-0.003565157214885095,-0.03151386802983095,-0.027948710814945855,0.027948710814945855
Diglyme,17,H,-0.003565157214885137,-0.03151386802983095,-0.027948710814945814,0.027948710814945814
Diglyme,18,H,0.022818496224885576,0.05716735321765435,0.034348856992768774,0.034348856992768774
Diglyme,19,H,0.022818496224885687,0.05716735321765435,0.03434885699276866,0.03434885699276866
Diglyme,20,H,0.04320366796299521,0.07361482250469303,0.03041115454169782,0.03041115454169782
Diglyme,21,H,0.04320366796299522,0.07361482250469303,0.030411154541697814,0.030411154541697814
Diglyme,22,H,0.04320366796299524,0.07361482250469303,0.030411154541697794,0.030411154541697794
Triglyme,0,C,-0.04858959141368562,-0.14870575595843122,-0.10011616454474559,0.10011616454474559
Triglyme,1,O,-0.29703590364081106,-0.24345151080169855,0.05358439283911251,0.05358439283911251
Triglyme,2,C,-0.024494913980437318,0.009938706713807963,0.034433620694245284,0.034433620694245284
Triglyme,3,C,0.28680994603597015,0.16562343214855685,-0.1211865138874133,0.1211865138874133
Triglyme,4,O,-0.39321136558582287,-0.3760631993877783,0.017148166198044545,0.017148166198044545
Triglyme,5,C,0.06180370233064158,0.13226224610177884,0.07045854377113725,0.07045854377113725
Triglyme,6,C,0.33594814849178756,0.13226224610177884,-0.20368590239000872,0.20368590239000872
Triglyme,7,O,-0.5036914675749826,-0.3760631993877783,0.1276282681872043,0.1276282681872043
Triglyme,8,C,0.22482161248978805,0.16562343214855685,-0.0591981803412312,0.0591981803412312
Triglyme,9,C,0.19044733943571376,0.009938706713807963,-0.18050863272190582,0.18050863272190582
Triglyme,10,O,-0.3884983309830149,-0.24345151080169855,0.14504682018131634,0.14504682018131634
Triglyme,11,C,0.11661072769490857,-0.14870575595843122,-0.2653164836533398,0.2653164836533398
Triglyme,12,H,0.06780103286128135,0.08722617393480116,0.019425141073519808,0.019425141073519808
Triglyme,13,H,0.06780103286128136,0.08722617393480116,0.019425141073519794,0.019425141073519794
Triglyme,14,H,0.0678010328612813,0.08722617393480116,0.019425141073519864,0.019425141073519864
Triglyme,15,H,0.06638004478160223,0.05420450222366634,-0.01217554255793589,0.01217554255793589
Triglyme,16,H,0.06638004478160228,0.05420450222366634,-0.012175542557935945,0.012175542557935945
Triglyme,17,H,-0.03221061561918495,0.005223650153438819,0.03743426577262377,0.03743426577262377
Triglyme,18,H,-0.03221061561918505,0.005223650153438819,0.03743426577262387,0.03743426577262387
Triglyme,19,H,0.04220935758298689,0.03993062731257535,-0.00227873027041154,0.00227873027041154
Triglyme,20,H,0.04220935758298691,0.03993062731257535,-0.002278730270411561,0.002278730270411561
Triglyme,21,H,0.0028412005635498573,0.03993062731257535,0.037089426749025496,0.037089426749025496
Triglyme,22,H,0.0028412005635500316,0.03993062731257535,0.03708942674902532,0.03708942674902532
Triglyme,23,H,-0.00590190961471625,0.005223650153438819,0.011125559768155067,0.011125559768155067
Triglyme,24,H,-0.005901909614716342,0.005223650153438819,0.011125559768155161,0.011125559768155161
Triglyme,25,H,0.009809681811858234,0.05420450222366634,0.0443948204118081,0.0443948204118081
Triglyme,26,H,0.009809681811858187,0.05420450222366634,0.04439482041180815,0.04439482041180815
Triglyme,27,H,0.023140493034636177,0.08722617393480116,0.06408568090016498,0.06408568090016498
Triglyme,28,H,0.02314049303463618,0.08722617393480116,0.06408568090016498,0.06408568090016498
Triglyme,29,H,0.02314049303463627,0.08722617393480116,0.06408568090016489,0.06408568090016489
DOL,0,C,0.15869087502016388,0.11579654088268272,-0.04289433413748116,0.04289433413748116
DOL,1,C,0.11133633107631691,0.11579654088268272,0.004460209806365814,0.004460209806365814
DOL,2,O,-0.375118845549473,-0.37026800801914383,0.004850837530329166,0.004850837530329166
DOL,3,C,0.3914240813056308,0.31424990198655445,-0.07717417931907633,0.07717417931907633
DOL,4,O,-0.419470149781149,-0.37026800801914383,0.04920214176200516,0.04920214176200516
DOL,5,H,0.02800550348696823,0.03581644268260148,0.0078109391956332486,0.0078109391956332486
DOL,6,H,0.02800550348696823,0.03581644268260148,0.0078109391956332486,0.0078109391956332486
DOL,7,H,0.031790090457919626,0.03581644268260148,0.004026352224681853,0.004026352224681853
DOL,8,H,0.03179009045791967,0.03581644268260148,0.004026352224681812,0.004026352224681812
DOL,9,H,0.0067732600193673165,0.025713630777980945,0.01894037075861363,0.01894037075861363
DOL,10,H,0.0067732600193673165,0.025713630777980945,0.01894037075861363,0.01894037075861363
THF,0,C,-0.03908175159813591,-0.036395032142031644,0.0026867194561042626,0.0026867194561042626
THF,1,C,-0.033710966450274216,-0.036395032142031644,-0.0026840656917574285,0.0026840656917574285
THF,2,C,0.20745085235479463,0.2084858440174186,0.0010349916626239686,0.0010349916626239686
THF,3,O,-0.4218692561733048,-0.42184149298948437,2.7763183820417314e-05,2.7763183820417314e-05
THF,4,C,0.2095396292173419,0.2084858440174186,-0.0010537851999233017,0.0010537851999233017
THF,5,H,0.017854223834716257,0.0172454834989809,-0.0006087403357353562,0.0006087403357353562
THF,6,H,0.0178542238347163,0.0172454834989809,-0.0006087403357353978,0.0006087403357353978
THF,7,H,0.016634039026961558,0.0172454834989809,0.0006114444720193429,0.0006114444720193429
THF,8,H,0.016634039026961523,0.0172454834989809,0.0006114444720193776,0.0006114444720193776
THF,9,H,0.0023478411624394094,0.002169483810696728,-0.0001783573517426815,0.0001783573517426815
THF,10,H,0.0023478411624393847,0.002169483810696728,-0.00017835735174265678,0.00017835735174265678
THF,11,H,0.0019996423006719815,0.002169483810696728,0.0001698415100247464,0.0001698415100247464
THF,12,H,0.001999642300672013,0.002169483810696728,0.00016984151002471474,0.00016984151002471474
Dioxane,0,C,0.053668855906915405,0.0517120608464381,-0.001956795060477308,0.001956795060477308
Dioxane,1,C,0.05414168251286239,0.0517120608464381,-0.0024296216664242906,0.0024296216664242906
Dioxane,2,O,-0.35042574678869726,-0.34919195028812144,0.0012337965005758122,0.0012337965005758122
Dioxane,3,C,0.05262846748768674,0.0517120608464381,-0.000916406641248646,0.000916406641248646
Dioxane,4,C,0.05512996816247373,0.0517120608464381,-0.003417907316035633,0.003417907316035633
Dioxane,5,O,-0.35084972123157726,-0.34919195028812144,0.0016577709434558163,0.0016577709434558163
Dioxane,6,H,0.06076948182195984,0.06144195714881133,0.0006724753268514891,0.0006724753268514891
Dioxane,7,H,0.06076948182195988,0.06144195714881133,0.0006724753268514475,0.0006724753268514475
Dioxane,8,H,0.060649445749658124,0.06144195714881133,0.0007925113991532062,0.0007925113991532062
Dioxane,9,H,0.06064944574965815,0.06144195714881133,0.0007925113991531785,0.0007925113991531785
Dioxane,10,H,0.060987940566087195,0.06144195714881133,0.00045401658272413437,0.00045401658272413437
Dioxane,11,H,0.060987940566087216,0.06144195714881133,0.00045401658272411355,0.00045401658272411355
Dioxane,12,H,0.06044637883746287,0.06144195714881133,0.0009955783113484579,0.0009955783113484579
Dioxane,13,H,0.06044637883746296,0.06144195714881133,0.0009955783113483677,0.0009955783113483677
CPME,0,C,0.1941262615369073,-0.00426977686872651,-0.1983960384056338,0.1983960384056338
CPME,1,O,-0.423657498551375,-0.4284316847568791,-0.004774186205504072,0.004774186205504072
CPME,2,C,0.3917406303012267,0.3945181468451167,0.002777516543890024,0.002777516543890024
CPME,3,C,-0.2954854450656374,-0.2783420090186338,0.01714343604700358,0.01714343604700358
CPME,4,C,0.01458673757932807,0.039938476420696985,0.025351738841368914,0.025351738841368914
CPME,5,C,0.10370868680467926,0.039938476420696985,-0.06377021038398228,0.06377021038398228
CPME,6,C,-0.32749152582572616,-0.2783420090186338,0.04914951680709234,0.04914951680709234
CPME,7,H,-0.004075489122333246,0.05361642361169672,0.05769191273402996,0.05769191273402996
CPME,8,H,-0.00407548912233327,0.05361642361169672,0.05769191273402999,0.05769191273402999
CPME,9,H,-0.004075489122333353,0.05361642361169672,0.05769191273403007,0.05769191273403007
CPME,10,H,-0.009125158940403229,-0.007365085431135732,0.0017600735092674971,0.0017600735092674971
CPME,11,H,0.09329453557574183,0.09036051118140262,-0.0029340243943392075,0.0029340243943392075
CPME,12,H,0.09329453557574183,0.09036051118140262,-0.0029340243943392075,0.0029340243943392075
CPME,13,H,0.0008321365769362928,1.6037461699421746e-05,-0.0008160991152368711,0.0008160991152368711
CPME,14,H,0.0008321365769362737,1.6037461699421746e-05,-0.000816099115236852,0.000816099115236852
CPME,15,H,-0.0038624486288913774,1.6037461699421746e-05,0.003878486090590799,0.003878486090590799
CPME,16,H,-0.0038624486288913722,1.6037461699421746e-05,0.003878486090590794,0.003878486090590794
CPME,17,H,0.09164766624021337,0.09036051118140262,-0.001287155058810746,0.001287155058810746
CPME,18,H,0.0916476662402135,0.09036051118140262,-0.0012871550588108849,0.0012871550588108849
TTE,0,F,-0.15657088347111747,-0.15431403309812497,0.0022568503729925027,0.0022568503729925027
TTE,1,C,0.14538331614956523,0.1387876300084575,-0.006595686141107726,0.006595686141107726
TTE,2,F,-0.1536629302592891,-0.15431403309812497,-0.0006511028388358764,0.0006511028388358764
TTE,3,C,0.27139641456150765,0.26567424779269955,-0.005722166768808101,0.005722166768808101
TTE,4,F,-0.16807578481145985,-0.1635077434451474,0.0045680413663124475,0.0045680413663124475
TTE,5,F,-0.15504525303721672,-0.1635077434451474,-0.008462490407930678,0.008462490407930678
TTE,6,C,0.061188965684305874,0.13570866526879385,0.07451969958448798,0.07451969958448798
TTE,7,O,-0.2890356616916936,-0.32340465390979345,-0.03436899221809986,0.03436899221809986
TTE,8,C,0.3711129999472278,0.38988715238974864,0.01877415244252084,0.01877415244252084
TTE,9,F,-0.14927708770695813,-0.14215664376519938,0.007120443941758758,0.007120443941758758
TTE,10,F,-0.12993175419780012,-0.14215664376519938,-0.012224889567399255,0.012224889567399255
TTE,11,C,0.20104818445455297,0.209565619053367,0.008517434598814044,0.008517434598814044
TTE,12,F,-0.15575239398385324,-0.16142801716684863,-0.005675623182995387,0.005675623182995387
TTE,13,F,-0.163024151445704,-0.16142801716684863,0.0015961342788553823,0.0015961342788553823
TTE,14,H,0.15367632068173703,0.15616851453941416,0.0024921938576771274,0.0024921938576771274
TTE,15,H,0.09597689574016863,0.07580261258424528,-0.020174283155923345,0.020174283155923345
TTE,16,H,0.09597689574016864,0.07580261258424528,-0.02017428315592336,0.02017428315592336
TTE,17,H,0.12461590764585857,0.11882047463946277,-0.005795433006395803,0.005795433006395803
PF6,0,F,-0.3753121022545496,-0.37544272997510303,-0.00013062772055344452,0.00013062772055344452
PF6,1,P,1.2527711418676821,1.252656379850618,-0.00011476201706406286,0.00011476201706406286
PF6,2,F,-0.3753079234104442,-0.37544272997510303,-0.00013480656465880703,0.00013480656465880703
PF6,3,F,-0.3756038431406551,-0.37544272997510303,0.00016111316555206256,0.00016111316555206256
PF6,4,F,-0.375576156176078,-0.37544272997510303,0.00013342620097495095,0.00013342620097495095
PF6,5,F,-0.37547161068153434,-0.37544272997510303,2.8880706431311243e-05,2.8880706431311243e-05
PF6,6,F,-0.37549950620442096,-0.37544272997510303,5.6776229317934135e-05,5.6776229317934135e-05
NO3,0,O,-0.6842702963977698,-0.6843037107668043,-3.341436903447903e-05,3.341436903447903e-05
NO3,1,N,1.0530227408790105,1.0530479707883555,2.5229909345059198e-05,2.5229909345059198e-05
NO3,2,O,-0.6844365157073075,-0.6844405492547468,-4.033547439385998e-06,4.033547439385998e-06
NO3,3,O,-0.6843159287739334,-0.6843037107668043,1.2218007129138897e-05,1.2218007129138897e-05
OTf,0,O,-0.60629974370583,-0.524836753274834,0.08146299043099592,0.08146299043099592
OTf,1,S,1.0101045850040273,0.5745102598245019,-0.43559432517952545,0.43559432517952545
OTf,2,O,-0.6062981185412821,-0.524836753274834,0.0814613652664481,0.0814613652664481
OTf,3,O,-0.6061998025268889,-0.524836753274834,0.08136304925205484,0.08136304925205484
OTf,4,C,0.37553653781719865,1.0719011736104602,0.6963646357932616,0.6963646357932616
OTf,5,F,-0.18891888097966514,-0.3573003912034867,-0.16838151022382158,0.16838151022382158
OTf,6,F,-0.18896262310838846,-0.3573003912034867,-0.16833776809509826,0.16833776809509826
OTf,7,F,-0.18896195395917145,-0.3573003912034867,-0.16833843724431527,0.16833843724431527
TFSI,0,F,-0.12128954118296766,-0.13753301043831626,-0.0162434692553486,0.0162434692553486
TFSI,1,C,0.2888624873601426,0.2666587052062339,-0.02220378215390867,0.02220378215390867
TFSI,2,F,-0.12128954118296766,-0.13753301043831626,-0.0162434692553486,0.0162434692553486
TFSI,3,F,-0.12128954118296766,-0.13753301043831626,-0.0162434692553486,0.0162434692553486
TFSI,4,S,0.6987528591450889,1.034497182973467,0.33574432382837816,0.33574432382837816
TFSI,5,O,-0.4191624260638613,-0.5336756996194041,-0.1145132735555428,0.1145132735555428
TFSI,6,O,-0.4191624260638613,-0.5336756996194041,-0.1145132735555428,0.1145132735555428
TFSI,7,N,-0.5708437416572117,-0.6424109152518873,-0.07156717359467557,0.07156717359467557
TFSI,8,S,0.6987528591450889,1.034497182973467,0.33574432382837816,0.33574432382837816
TFSI,9,O,-0.4191624260638613,-0.5336756996194041,-0.1145132735555428,0.1145132735555428
TFSI,10,O,-0.4191624260638613,-0.5336756996194041,-0.1145132735555428,0.1145132735555428
TFSI,11,C,0.2888624873601426,0.2666587052062339,-0.02220378215390867,0.02220378215390867
TFSI,12,F,-0.12128954118296766,-0.13753301043831626,-0.0162434692553486,0.0162434692553486
TFSI,13,F,-0.12128954118296766,-0.13753301043831626,-0.0162434692553486,0.0162434692553486
TFSI,14,F,-0.12128954118296766,-0.13753301043831626,-0.0162434692553486,0.0162434692553486
